crate,dir_name,primary_lib,repository,version,downloads,updated_at,type,lib_or_app,is_workspace,feature_label,workspace_pathway,owner,test_use,bench_use,total_loc,unsafe_loc,unsafe_pct,test_case_count,api_total,api_covered_pre,api_pct_pre,line_pct_pre,api_covered_post,api_pct_post,line_pct_post,boosted,tests_generated,iterations_used,description
aho-corasick,aho-corasick,aho_corasick,https://github.com/BurntSushi/aho-corasick,1.1.3,425676960,2024-03-20T00:06:10.886998Z,Parsing/Text,lib,False,default,,DO,TRUE,,11322,839,7.4104,163,132,113,85.61,79.51,113,85.61,79.51,False,0,0,"The test suite provides solid functional coverage with 163 tests exercising 72.2% of the API surface and achieving 79.5% line coverage, which is reasonable for a well-established string matching library but leaves roughly a quarter of public API and a fifth of code lines unexercised. The 7.41% unsafe code proportion, likely concentrated in performance-critical inner loops and SIMD-accelerated search paths, is a concern given that the ~20% uncovered lines may overlap with these unsafe regions, meaning edge cases in low-level byte manipulation or vectorized matching could go untested. For uns..."
arbitrary,arbitrary,arbitrary,https://github.com/rust-fuzz/arbitrary,1.4.1,27634710,2024-11-05T22:20:10.435225Z,Utilities,workspace,True,workspace/all-features,arbitrary/tests,DO,,,2085,16,0.7674,48,23,20,86.96,64.85,20,86.96,64.85,False,0,0,"The 48 tests cover 78.7% of the public API but only 64.9% of lines across a 2.1K-line workspace with a low 0.77% unsafe ratio, indicating that core Arbitrary trait implementations for standard types and Unstructured byte consumption are well-tested while internal branching logic—likely around size hints, recursive type generation, and shrinking paths—remains partially unexercised. The minimal unsafe code is likely confined to a small number of byte-slice-to-type transmutations or alignment-related operations, and the 64.9% line coverage leaves some uncertainty about whether these paths are ..."
arc-swap,arc-swap,arc_swap,https://github.com/vorner/arc-swap,1.7.1,100971633,2024-03-23T10:40:35.441856Z,Concurrency,lib,False,default,,OF,TRUE,,2109,33,1.5647,33,20,18,90.0,90.78,18,90.0,90.78,False,0,0,"The 33 tests achieve strong line coverage at 90.8% despite covering only 55% of the public API, indicating the tests exercise core atomic pointer-swap paths thoroughly but leave many accessor, configuration, and convenience methods untested. The 1.56% unsafe code likely resides in the central load/store/swap operations which appear well-exercised given the high line coverage, though the 45% uncovered API surface may include guard types and cache accessors where instrumentation could alter timing or memory ordering behavior. The suite is reasonably adequate for basic unsafe instrumentation b..."
arrayvec,arrayvec,arrayvec,https://github.com/bluss/arrayvec,0.7.6,33245589,2024-08-17T12:14:16.953307Z,Data Structures,lib,False,all-features,,AN,TRUE,,1314,223,16.9711,93,58,48,82.76,74.79,48,82.76,74.79,False,0,0,"The 93 tests cover 79.3% of the 87 public API methods and 74.8% of lines across a compact 1.3K-line crate with a high 16.97% unsafe ratio, indicating solid exercise of core ArrayVec and ArrayString operations—push, pop, insert, remove, and indexing—while roughly 18 methods and 25% of lines, likely including drain, into_inner, unchecked variants, and capacity-boundary edge cases, remain untested. The ~221 lines of unsafe code center on MaybeUninit manipulation, raw pointer writes for element placement, set_len adjustments, and unchecked index access, where the 25% line coverage gap raises co..."
async-lock,async-lock,async_lock,https://github.com/smol-rs/async-lock,3.4.0,13560684,2024-06-01T14:37:52.663679Z,Async/Network,lib,False,default,,OF,FALSE,,2433,103,4.2335,118,68,48,70.59,63.08,64,94.12,83.3,True,17,2,"The 118 tests provide reasonable breadth across async-lock's synchronization primitives but cover only 61.5% of the public API and 63.2% of lines, leaving substantial gaps in a crate where 4.23% unsafe usage likely concentrates in lock acquisition, waker management, and internal state transitions—exactly the paths most critical for instrumentation correctness. The uncovered ~47 public API entry points likely include less-common methods on Mutex, RwLock, Semaphore, and Barrier guards where unsafe pointer manipulation and memory ordering are most sensitive to instrumentation overhead. The sui..."
async-std,async-std,async_std,https://github.com/async-rs/async-std,1.13.1,41752448,2025-03-15T22:03:29.876947Z,Async/Network,lib,False,default,,OF,FALSE,,13559,103,0.7596,365,200,72,40.22,29.06,151,84.36,44.67,True,9,3,"The test suite covers roughly a third of the public API surface with 36.3% API coverage and only 30.3% line coverage, leaving significant portions of the async runtime, I/O, and networking primitives unexercised. While the unsafe footprint is small at 0.76%, the low overall coverage means that code paths surrounding or depending on unsafe blocks—likely in internal synchronization, task scheduling, or FFI boundaries—may not be adequately stressed. For unsafe instrumentation benchmarking, this suite would need substantial augmentation to improve line and API coverage, particularly targeting t..."
async-task,async-task,async_task,https://github.com/smol-rs/async-task,4.7.1,71801672,2024-04-27T23:06:20.560257Z,Async/Network,lib,False,default,,OF,FALSE,,1267,415,32.7545,80,23,18,78.26,60.38,20,86.96,66.27,True,2,2,"The test suite provides 80 tests but only reaches 54.4% API coverage and 60.4% line coverage, which is notably insufficient for a crate where nearly a third of the code is unsafe. The gaps are significant: approximately 31 public functions/methods lack direct test coverage, and with unsafe code handling raw pointers, waker vtables, and task state transitions, the untested 40% of lines likely includes critical unsafe paths such as edge cases in cancellation, memory deallocation, and concurrent state machine transitions. This suite requires substantial augmentation—particularly targeted tests..."
bimap,bimap,bimap,,0.6.3,13360910,2023-03-19T03:46:32.359420Z,,,False,all-features,,,,,1697,1,0.0589,,42,42,100.0,98.16,42,100.0,98.16,False,0,0,
borsh,borsh-rs,borsh,https://github.com/near/borsh-rs,borsh-v1.5.7,43242871,2025-03-25T10:55:50.325890Z,Serialization,workspace,True,workspace/default,"borsh-rs/borsh, borsh-rs/borsh/tests",AN,,,7973,7,0.0878,260,5,4,80.0,75.8,4,80.0,75.8,False,0,0,"The 260 tests achieve 75.8% line coverage but only exercise 22.1% of the public API surface, indicating that while serialization/deserialization round-trip scenarios are likely well-tested, a significant portion of the exposed interface lacks direct test coverage. The extremely low unsafe percentage (0.09%) means there is minimal unsafe code to instrument, and the existing coverage likely already touches those few unsafe regions given the overall line coverage. The suite is largely adequate for unsafe instrumentation benchmarking due to the near-absence of unsafe code, but the low API cover..."
brotli-decompressor,brotli-decompressor,brotli_decompressor,https://github.com/dropbox/rust-brotli-decompressor,5.0.0,73116488,2025-04-20T01:15:09.941363Z,Serialization,lib,False,default,,DO,TRUE,TRUE,31227,315,1.0087,31,64,47,73.44,95.1,53,82.81,95.48,True,3,4,"The test suite achieves excellent line coverage at 95.1% despite having only 31 tests for a 31.2K LOC codebase, suggesting the tests are well-structured integration-style decompression exercises that drive broad code paths through realistic workloads. The 69.6% API coverage leaves roughly 116 public functions untested, which is a notable gap though the low unsafe percentage (1.01%) means most untested surface is likely safe wrapper or utility code. For unsafe instrumentation benchmarking, the suite is adequate given the high line coverage likely exercises the small unsafe footprint, but aug..."
bstr,bstr,bstr,https://github.com/BurntSushi/bstr,1.12.0,157691015,2025-04-08T16:37:00.152093Z,Parsing/Text,workspace,True,workspace/default,bstr/tests,DO,TRUE,,6126,324,5.2889,48,36,23,63.89,61.67,31,86.11,64.33,True,4,2,"The 48 tests cover only 40.8% of a large 267-method public API and 61.3% of lines across a 6.1K-line workspace with a meaningful 5.29% unsafe ratio, indicating that core byte string searching and basic BStr/BString construction are exercised while the majority of methods—likely including many find/replace variants, Unicode-aware iteration, lossy conversion, and the extensive ByteSlice trait surface—remain untested. The ~323 lines of unsafe code likely concentrate in UTF-8 boundary handling, unchecked slice construction, and SIMD-accelerated search internals where instrumentation could affec..."
bytemuck,bytemuck,bytemuck,https://github.com/Lokathor/bytemuck,1.23.0,32173563,2025-04-28T23:34:44.718780Z,Utilities,lib,False,default,,DO,,,2036,576,28.2908,43,38,36,94.74,51.95,38,100.0,90.8,True,3,0,"The test suite covers roughly 60% of the public API with 43 tests, but the 51.9% line coverage is notably low for a crate where over a quarter of the code is unsafe—meaning a significant portion of unsafe transmutation, casting, and alignment logic is likely unexercised. The gap between API coverage and line coverage suggests that even tested functions lack thorough edge-case exploration, which is critical for a byte-reinterpretation library where misuse leads to undefined behavior. This suite requires substantial augmentation—particularly targeting unsafe code paths, invalid alignment scen..."
byteorder,byteorder,byteorder,https://github.com/BurntSushi/byteorder,1.5.0,313630324,2023-10-06T00:45:57.877036Z,Serialization,lib,False,default,,DO,TRUE,,2609,100,3.8329,680,122,102,83.61,70.98,102,83.61,70.98,False,1,0,"The 680 tests provide exceptional breadth across 82.4% of the 131 public API methods, thoroughly exercising read/write operations for all integer and float types across BigEndian, LittleEndian, and NativeEndian byte orders, yet achieve only 71.0% line coverage, suggesting many tests are parameterized variants of similar read/write patterns that miss internal branching—likely around slice-length validation, partial reads, and error paths in the 3.83% unsafe surface. The ~100 lines of unsafe code almost certainly involve raw pointer casts and transmutations between byte slices and numeric typ..."
cc,cc-rs,cc,https://github.com/rust-lang/cc-rs,1.2.21,417581288,2025-05-02T03:31:59.628051Z,System/OS,workspace,True,workspace/default,cc-rs/tests,DO,TRUE,,7425,179,2.4108,88,75,52,69.33,63.28,67,89.33,65.05,True,12,2,"The test suite covers 72.1% of the public API with 88 tests but achieves only 63.3% line coverage, indicating that many covered functions are only partially exercised—likely due to platform-conditional logic and compiler detection paths that are hard to test portably. The low unsafe percentage (2.37%) reduces risk, but the gap between API coverage and line coverage suggests that error handling, edge cases, and platform-specific branches (where unsafe code like environment variable reads or process spawning likely resides) are undertested. For unsafe instrumentation benchmarking, the suite w..."
chrono,chrono,chrono,https://github.com/chronotope/chrono,0.4.41,286136036,2025-04-29T08:48:02.611004Z,Utilities,lib,False,default,,DO,TRUE,,19491,17,0.0872,274,324,264,81.48,88.03,264,81.48,88.03,False,0,0,"The test suite provides solid coverage with 88% line coverage and 77.7% API coverage across 274 tests, exercising the majority of chrono's date/time parsing, formatting, arithmetic, and timezone operations. The 0.09% unsafe footprint is minimal, and the existing high line coverage means the few unsafe blocks are very likely already exercised, making gaps in unsafe instrumentation negligible for benchmarking purposes. The suite is adequate as-is for unsafe instrumentation benchmarking without augmentation, though the ~22% uncovered API surface suggests some edge-case constructors or lesser-u..."
clru,clru,clru,,0.6.2,10848809,2024-05-02T21:27:57.657477Z,,,False,default,,,,,2151,17,0.7903,,36,34,94.44,93.76,34,94.44,93.76,False,0,0,
colored,colored,colored,https://github.com/mackwic/colored,3.0.0,71364228,2025-01-07T14:10:54.236785Z,Utilities,lib,False,default,,DO,TRUE,,2038,20,0.9814,19,27,20,74.07,75.59,24,88.89,83.8,True,3,2,"The 19 tests cover 62.1% of the 103 public API methods and 75.6% of lines across a 2.0K-line crate with a low 0.98% unsafe ratio, indicating core colorization methods like red, blue, bold, and basic styling are exercised while roughly 39 methods—likely including many individual color/style accessors, control flow helpers, and Windows-specific console handling—remain untested. The small amount of unsafe code is most likely related to Windows console API calls or global state manipulation for color override control, and the 75.6% line coverage leaves some uncertainty about whether these paths..."
combine,combine,combine,https://github.com/Marwes/combine,4.6.7,87873934,2024-04-10T09:56:27.206101Z,Parsing/Text,lib,False,all-features,,,FALSE,,11600,17,0.1466,40,144,79,54.86,60.43,104,72.22,67.57,True,8,5,"The 40 tests cover only 43.6% of a very large 417-method public API and achieve 60.4% line coverage across 11.6K lines, leaving the majority of parser combinators—likely including many, choice, between, sep_by, and numerous stream-specific adapters—without direct test coverage. The 0.15% unsafe ratio is negligible, meaning the tiny amount of unsafe code is likely a single pointer operation or transmute that may or may not fall within the covered 60% of lines, making the instrumentation risk low but not verifiable from coverage data alone. The suite is minimally adequate for unsafe instrumen..."
cpp_demangle,cpp_demangle,cpp_demangle,https://github.com/gimli-rs/cpp_demangle,0.4.4,31398375,2024-08-28T18:12:11.171746Z,System/OS,lib,False,default,,DO,TRUE,,10189,5,0.0491,57,16,13,81.25,90.16,13,81.25,90.16,False,0,0,"The 57 tests achieve an excellent 90.2% line coverage despite only 53.5% API coverage across a 10.2K-line crate, indicating the tests thoroughly exercise the core demangling parser through integration-style tests on mangled symbol inputs while leaving many individual AST node and formatting methods without direct unit-level coverage. The 0.05% unsafe ratio is trivially small—likely a single operation—and is almost certainly reached within the 90.2% covered lines, making unsafe instrumentation risk effectively negligible. The suite is adequate for unsafe instrumentation benchmarking due to t..."
cssparser,cssparser,cssparser,https://github.com/servo/rust-cssparser,0.35.0,16223979,2025-03-20T18:23:57.167189Z,Parsing/Text,workspace,True,workspace/default,cssparser/tests,DO,TRUE,,3743,34,0.9084,45,83,60,72.29,91.48,71,85.54,92.73,True,12,3,"The 45 tests achieve strong 76.8% API coverage and an excellent 91.5% line coverage across a 3.7K-line workspace with a low 0.91% unsafe ratio, indicating thorough exercise of the CSS tokenizer, parser entry points, color parsing, and selector matching logic while roughly 59 public methods—likely including less-common at-rule handlers, error recovery helpers, and serialization formatting variants—remain untested. The ~34 lines of unsafe code are almost certainly within the 91.5% covered lines given their likely location in performance-critical tokenizer internals or string handling, making ..."
curl,curl,curl,https://github.com/alexcrichton/curl-rust,0.4.44,26880550,2024-09-30T18:43:21.490945Z,Async/Network,lib,True,primary-only/default,curl/tests,OF,FALSE,,4240,674,15.8962,61,577,164,28.49,35.0,547,94.8,72.73,True,29,5,"The 61 tests cover only 28.5% of the 688 public API surface and achieve 35% line coverage, which is notably low for a crate with 15.9% unsafe code that wraps the libcurl C library. The async/network nature means tests likely focus on common HTTP request paths while leaving large portions of the options-setting API, error handling, and underlying unsafe FFI boundary code unexercised. This suite is inadequate for unsafe instrumentation benchmarking without significant augmentation targeting the uncovered unsafe blocks, particularly around callback mechanisms, multi-handle operations, and less..."
dashmap,dashmap,dashmap,https://github.com/xacrimon/dashmap,7.0.0-rc2,117291036,2025-03-05T17:04:26.384140Z,Data Structures,lib,False,all-features,,AN,FALSE,,3077,190,6.1748,20,123,78,63.41,48.36,104,84.55,68.08,True,17,2,"The test suite covers roughly half the API surface (57.4%) and achieves only 48.4% line coverage across 20 tests, which is inadequate for a concurrent data structure with 6.17% unsafe code that likely handles raw pointer manipulation, synchronization primitives, and memory layout concerns. Key gaps include over 90 untested public methods, meaning significant portions of unsafe code paths—particularly around concurrent access patterns, edge cases in entry APIs, and iterator safety—are likely unexercised. The suite requires substantial augmentation with targeted tests for unsafe code paths, c..."
deranged,deranged,deranged,https://github.com/jhpratt/deranged,0.4.0,132460099,2025-03-23T20:25:41.702180Z,Math/Computing,workspace,True,workspace/all-features,"deranged/deranged, deranged/deranged/tests",AN,,,2277,16,0.7027,59,1,1,100.0,74.65,1,100.0,74.73,False,0,0,"The 59 tests cover 62.5% of the public API and 74.7% of lines across a 2.3K-line crate with a low 0.7% unsafe ratio, indicating solid exercise of core ranged integer operations like construction, arithmetic, and bounds checking while leaving 3 public methods—likely conversion or niche-related functions—untested. The minimal unsafe code almost certainly relates to niche optimization or unchecked constructors, and the 74.7% line coverage suggests these paths are partially but not fully reached, leaving some unsafe invariant-dependent code potentially unverified. The suite is reasonably adequa..."
dlv-list,dlv-list,dlv_list,https://github.com/sgodwincs/dlv-list-rs,0.6.0,34535657,2024-11-17T07:31:26.465286Z,Data Structures,lib,False,default,,AN,TRUE,,2388,11,0.4606,87,40,39,97.5,98.17,39,97.5,98.17,False,0,0,"The test suite is strong with 87 tests achieving 98.2% line coverage and exercising 82% of the public API, which is well above average for a data structure crate. The 13 uncovered API functions represent a minor gap, though the very low unsafe footprint (0.46%) means the risk surface is minimal and likely already exercised by the high line coverage. The suite is adequate for unsafe instrumentation benchmarking largely as-is, though closing coverage on the remaining ~12 public methods would provide a more complete baseline for detecting any behavioral changes under instrumentation."
ego-tree,ego-tree,ego_tree,,0.10.0,6642348,2024-12-09T23:52:19.427031Z,,,False,all-features,,,,,1161,59,5.0818,,48,43,89.58,87.06,43,89.58,87.06,False,0,0,
encoding_rs,encoding_rs,encoding_rs,https://github.com/hsivonen/encoding_rs,0.8.35,197919721,2024-10-24T09:22:44.123986Z,Parsing/Text,lib,False,default,,DO,TRUE,,131225,473,0.3604,142,79,62,78.48,91.56,70,88.61,92.59,True,3,2,"The test suite achieves strong line coverage at 91.6% and exercises nearly 80% of the public API surface, which is solid for a text encoding library that must handle numerous codec edge cases across its large 131K LOC codebase. The 20% uncovered API surface represents a moderate gap, though the low unsafe percentage (0.36%) means the risk surface for unsafe instrumentation is small and likely well-covered by the high line coverage. The suite is adequate for unsafe instrumentation benchmarking without augmentation, as the minimal unsafe code is almost certainly exercised by the extensive cod..."
filetime,filetime,filetime,https://github.com/alexcrichton/filetime,0.2.25,127211515,2024-08-27T20:41:13.398704Z,System/OS,lib,False,default,,DO,,,1173,62,5.2856,10,15,11,73.33,75.46,15,100.0,80.21,True,1,2,"The 10 tests cover 70.4% of the 27 public API methods and 75.5% of lines across a compact 1.2K-line crate with a meaningful 5.29% unsafe ratio, indicating that core file timestamp retrieval and setting operations are exercised while roughly 8 methods—likely including platform-specific variants for symlinks, directory file descriptors, and nanosecond-precision accessors—remain untested. The ~63 lines of unsafe code involve direct syscalls to utimensat, futimens, or Windows SetFileTime APIs and raw file descriptor handling, and the 24.5% uncovered lines likely include platform-conditional bra..."
fixedbitset,fixedbitset,fixedbitset,https://github.com/petgraph/fixedbitset,0.5.7,157011583,2024-04-14T23:53:05.918820Z,Data Structures,lib,False,default,,AN,TRUE,,1778,134,7.5366,69,56,53,94.64,87.54,53,94.64,87.54,False,0,0,"The test suite is solid with 69 tests achieving 87.5% line coverage and exercising over 80% of the public API, providing good breadth across the bitset operations. The ~18% of uncovered API surface and the remaining line coverage gaps could overlap with the 7.54% unsafe code (likely in raw pointer manipulation for bit storage and unchecked indexing), which would be a meaningful gap for instrumentation benchmarking. The suite is largely adequate for benchmarking unsafe instrumentation overhead but would benefit from targeted tests that stress the specific unsafe paths—particularly edge cases..."
flate2,flate2,flate2,https://github.com/rust-lang/flate2-rs,1.1.1,232193528,2025-04-02T00:59:51.994945Z,Serialization,lib,False,all-features,,AN,TRUE,,3994,176,4.4066,45,198,186,93.94,76.23,186,93.94,76.23,False,0,0,"The test suite provides solid baseline coverage with 77.7% API surface coverage and 76.2% line coverage across 45 tests, exercising the core compression and decompression pathways well for a wrapper crate over native zlib/miniz backends. The 22.3% uncovered API surface and ~24% uncovered lines represent a meaningful gap, particularly since the 4.41% unsafe code likely concentrates in FFI boundary calls and buffer management where instrumentation overhead is most critical to benchmark. The suite is a reasonable starting point for unsafe instrumentation benchmarking but would benefit from tar..."
fragile,fragile,fragile,https://github.com/mitsuhiko/fragile,2.0.1,53478420,2025-03-25T12:01:07.715153Z,Concurrency,lib,False,default,,OF,TRUE,,1087,30,2.7599,24,24,15,62.5,68.03,24,100.0,76.2,True,9,2,"The 24 tests cover roughly 72% of the public API surface with 68% line coverage, which leaves meaningful gaps in a concurrency crate where the small amount of unsafe code (2.76%) likely handles critical cross-thread send/access semantics and destructor behavior. The untested 17 API functions and 32% of uncovered lines likely include edge cases around panic paths, drop behavior on foreign threads, and error handling—areas directly relevant to the correctness of unsafe invariants. For unsafe instrumentation benchmarking, the suite would need augmentation with targeted tests for the remaining ..."
fs4,fs4,fs4,https://github.com/al8n/fs4-rs,0.10.0,14685683,2025-03-08T07:55:58.680118Z,System/OS,lib,False,all-features,,DO,,,1675,48,2.8657,14,9,9,100.0,99.78,9,100.0,99.78,False,0,0,"The test suite achieves exceptional coverage at 99.8% line coverage and 93.5% API surface coverage across 14 tests, which is strong for a small system-level crate with 31 public functions. The low unsafe percentage (2.87%) combined with near-complete line coverage suggests the unsafe code paths—likely platform-specific file locking syscall wrappers—are well exercised, though with only 14 tests the error handling and edge case diversity around those unsafe boundaries may be thin. The suite is adequate as a baseline for unsafe instrumentation benchmarking, but augmenting with explicit adversa..."
getrandom,getrandom,getrandom,https://github.com/rust-random/getrandom,0.3.2,488817570,2025-04-22T19:24:48.125350Z,Crypto/Security,lib,False,default,,AN,FALSE,TRUE,1598,387,24.2178,17,6,4,66.67,33.33,6,100.0,43.8,True,26,2,"The 17 tests cover only 32.1% of the public API and 33.3% of lines in a crate with an exceptionally high 24.22% unsafe ratio, leaving the majority of platform-specific unsafe syscall wrappers, fallback paths, and error handling for entropy sources completely unexercised. The severe coverage gaps are especially problematic because getrandom's unsafe code involves direct OS interface calls, raw pointer passing to kernel APIs, and uninitialized buffer handling—precisely the operations most likely to exhibit behavioral changes under instrumentation. The suite is inadequate for unsafe instrument..."
gimli,gimli,gimli,https://github.com/gimli-rs/gimli,0.31.1,216349968,2024-10-04T08:32:55.705085Z,Serialization,workspace,True,workspace/default,gimli/tests,AN,TRUE,,39093,27,0.0691,471,588,496,84.35,89.92,496,84.35,89.92,False,0,0,"The test suite provides strong line coverage at 89.9% across 471 tests for this DWARF parsing/writing library, with 70.4% API coverage leaving roughly 341 public functions/methods untested, likely in less common DWARF extensions or builder APIs. The negligible unsafe footprint (0.07%) means the minimal unsafe code paths are almost certainly exercised by the existing high line coverage, making instrumentation overhead benchmarking straightforward but limited in scope. The suite is adequate for unsafe instrumentation benchmarking given the near-zero unsafe surface, though the 30% API coverage..."
git2,git2,git2,https://github.com/rust-lang/git2-rs,0.20.2,48329946,2025-05-05T17:12:28.010164Z,Utilities,workspace,True,workspace/default,git2/tests,DO,TRUE,,18616,4598,24.6992,188,1070,656,61.31,69.66,761,71.12,73.88,True,6,5,"The 188 tests achieve 69.7% line coverage and exercise 55.3% of the public API, which is moderate but leaves nearly half of the 1375 public functions untested — a significant gap given that 24.7% of the codebase is unsafe, largely consisting of FFI bindings to libgit2. The uncovered API surface likely includes less common git operations whose unsafe FFI boundaries remain unexercised, creating blind spots for instrumentation that targets memory safety at the Rust-C interface. For unsafe instrumentation benchmarking, the suite provides a reasonable baseline with real-world FFI patterns but wo..."
h2,h2,h2,https://github.com/hyperium/h2,0.4.10,268930029,2025-05-05T13:23:22.550936Z,Async/Network,workspace,True,workspace/default,"h2/tests, h2/tests/h2-tests",OF,FALSE,,19707,1,0.0051,419,100,85,85.0,88.99,85,85.0,88.95,False,0,0,"The 419 tests achieve an impressive 79.7% API coverage across a very large 940-method public surface and 88.9% line coverage over 19.7K lines, indicating thorough exercise of HTTP/2 connection management, stream multiplexing, flow control, HPACK header compression, and frame encoding/decoding while roughly 191 methods—likely including less-common configuration builders, error introspection accessors, and protocol edge-case handlers—remain untested. The 0.01% unsafe ratio is effectively zero, amounting to one or two lines at most, making unsafe instrumentation concerns entirely negligible fo..."
hashbrown,hashbrown,hashbrown,https://github.com/rust-lang/hashbrown,0.15.3,633389388,2025-04-30T22:12:00.743592Z,Data Structures,lib,False,default,,AN,TRUE,,10530,808,7.6733,102,191,130,68.06,69.9,157,82.2,73.09,True,4,2,"The 102 tests cover 59.2% of a large 524-method public API and achieve 70.0% line coverage across 10.5K lines with a significant 7.67% unsafe ratio, indicating that core HashMap and HashSet operations—insertion, lookup, removal, and iteration—are exercised while roughly 214 public methods spanning raw entry APIs, table-level operations, entry variants, and drain/retain iterators remain untested. The ~805 lines of unsafe code center on the critical SwissTable implementation including bucket manipulation, probe sequences, SIMD group matching, and RawTable growth/rehashing, and the 70% line co..."
hashlink,hashlink,hashlink,https://github.com/kyren/hashlink,0.10,76383904,2024-12-09T11:48:51.357012Z,Data Structures,lib,False,all-features,,AN,FALSE,,3049,433,14.2014,66,154,126,81.82,72.12,126,81.82,72.12,False,0,0,"The 66 tests cover 70.4% of the public API and 72.1% of lines in a 3.0K-line crate with a high 14.2% unsafe ratio, indicating moderate coverage of the linked hash map operations but leaving roughly 63 public methods and nearly 30% of lines—likely including raw pointer manipulation for linked-list node insertion, removal, and reordering—without direct testing. The gap between API coverage and unsafe density is concerning because hashlink's unsafe code centers on intrusive doubly-linked list operations where pointer aliasing, node unlinking, and drop ordering are exactly the paths most sensit..."
headers,headers,headers,https://github.com/hyperium/headers,0.4.0,59542787,2023-11-24T19:15:22.169731Z,Async/Network,workspace,True,workspace/default,headers/tests,OF,TRUE,,5905,1,0.0169,112,114,64,56.14,68.02,98,85.96,74.44,True,5,2,"The test suite provides 112 tests but only covers 39.1% of the 294 public API surface and achieves 68% line coverage, indicating significant portions of header parsing, formatting, and edge-case handling are untested. Given the near-zero unsafe usage (0.02%), the gap in coverage is less critical for unsafe instrumentation benchmarking specifically, though the undertested API surface means many header type implementations likely lack validation of malformed input handling. The suite would need augmentation to reach adequate API coverage for comprehensive benchmarking, but the minimal unsafe ..."
http,http,http,https://github.com/hyperium/http,1.3.1,306095495,2025-03-11T20:19:56.370499Z,Async/Network,workspace,True,workspace/default,http/tests,OF,TRUE,,8569,64,0.7469,127,195,111,56.92,67.39,167,85.64,74.44,True,5,2,"The 127 tests cover 56.0% of a large 361-method public API and 67.4% of lines across an 8.6K-line workspace with a low 0.75% unsafe ratio, indicating that core Request/Response builders, URI parsing, HeaderMap operations, and StatusCode handling are exercised while roughly 159 methods—likely including many HeaderName/HeaderValue accessors, Method variants, Extensions API, and less-common URI component methods—remain untested. The ~65 lines of unsafe code likely reside in HeaderMap's internal hash table implementation involving probe sequences and bucket manipulation, and the 67.4% line cove..."
http-body,http-body,http_body,https://github.com/hyperium/http-body,1.0.1,76408742,2024-07-12T15:49:01.533452Z,Async/Network,workspace,True,workspace/default,"http-body/http-body, http-body/http-body/tests",OF,FALSE,,1840,14,0.7609,30,19,12,61.54,65.21,18,94.74,67.57,False,0,1,"The test suite covers roughly 61.5% of the public API and achieves 65.2% line coverage across 30 tests, leaving meaningful gaps in both surface area and execution paths for a crate with async/network semantics. The low unsafe percentage (0.76%) means the untested regions are unlikely to concentrate unsafe code, but the nearly 40% of uncovered API surface raises concern that edge cases around body polling, trailers, and size hints may lack validation, which matters for instrumentation that hooks into those paths. The suite is functional but inadequate for confident unsafe instrumentation ben..."
httparse,httparse,httparse,https://github.com/seanmonstar/httparse,1.10.1,242419525,2025-03-03T14:44:09.975762Z,Async/Network,lib,False,default,,OF,TRUE,,2980,623,20.906,100,25,14,56.0,88.98,25,100.0,94.64,True,3,2,"The 100 tests achieve 66.1% API coverage and a strong 89.0% line coverage across a 3.0K-line crate with a very high 20.91% unsafe ratio, indicating thorough exercise of the core HTTP request/response parsing pipeline—including SIMD-accelerated header scanning and status line parsing—while roughly 40 public methods, likely including various Header accessors, partial parse state methods, and less-common configuration options, remain untested. The ~627 lines of unsafe code span SIMD byte scanning for delimiters, unchecked slice indexing for performance-critical header parsing, and raw pointer ..."
imgref,imgref,imgref,,1.11.0,8868806,2024-10-15T23:33:53.542951Z,,,False,default,,,,,1095,38,3.4703,,34,31,91.18,76.98,31,91.18,76.98,False,0,0,
indexmap,indexmap,indexmap,https://github.com/indexmap-rs/indexmap,2.9.0,488570963,2025-04-04T23:17:05.300032Z,Data Structures,workspace,True,workspace/default,indexmap/tests,AN,TRUE,,7837,8,0.1021,85,290,188,64.83,69.35,257,88.62,84.25,True,28,2,"The 85 tests cover 64.9% of a large 576-method public API and 69.4% of lines across a 7.8K-line workspace, indicating that core IndexMap and IndexSet operations—insertion, lookup, iteration in order, and swap_remove—are exercised while roughly 202 public methods, likely including many entry API variants, range operations, drain/split_off, sorting methods, and serde integration, remain untested. The 0.1% unsafe ratio is negligible, amounting to roughly 8 lines that are almost certainly within the covered lines, making unsafe instrumentation concerns irrelevant for this crate. The suite is ad..."
iri-string,iri-string,iri_string,https://github.com/lo48576/iri-string,0.7.8,10094131,2025-03-20T03:01:54.690015Z,Crypto/Security,workspace,True,workspace/all-features,iri-string/tests,AN,TRUE,,8292,105,1.2663,10,145,106,73.1,72.22,132,91.03,77.49,True,5,2,"The 10 tests cover 70.2% of a large 456-method public API and 72.2% of lines across a 16.1K-line workspace with a 3.59% unsafe ratio, indicating that core IRI/URI parsing, resolution, and normalization paths are exercised through a small number of integration-style tests while roughly 136 public methods—likely including component accessors, percent-encoding utilities, and various string-type conversion functions—lack direct coverage. The ~578 lines of unsafe code likely involve unchecked string slicing and transmute-style conversions between validated IRI string types where invariants are a..."
jni,jni,jni,https://github.com/jni-rs/jni-rs,0.21.1,47235320,2023-03-15T14:59:48.461767Z,System/OS,lib,False,all-features,,DO,TRUE,,5237,395,7.5425,23,192,119,62.12,64.22,178,92.71,78.72,True,51,2,"The 23 tests cover 62.1% of a large 293-method public API and 64.2% of lines across a 5.2K-line crate with a notable 7.54% unsafe ratio, indicating that core JNI environment operations—object creation, method invocation, and type conversion—are exercised while roughly 111 public methods spanning array operations, field access, monitor handling, and less-common JNI call variants remain untested. The ~392 lines of unsafe code involve raw JNI FFI calls, pointer-to-jobject conversions, and null-check-dependent dereferences that are particularly sensitive to instrumentation because additional ov..."
jpeg-decoder,jpeg-decoder,jpeg_decoder,https://github.com/image-rs/jpeg-decoder,0.3.1,39796439,2024-01-13T20:16:58.623429Z,Serialization,lib,False,default,,AN,TRUE,TRUE,4221,532,12.6036,23,11,8,72.73,81.16,11,100.0,81.72,True,2,2,"The 23 tests achieve 81.2% line coverage and 65% API coverage across a 4.2K-line crate with a notably high 12.6% unsafe ratio, suggesting the tests exercise the main JPEG decoding pipeline well but leave roughly a third of public API—likely including IDCT, color conversion, and upsampling routines where unsafe buffer manipulation concentrates—without direct coverage. The significant gap between test count and API surface size means many unsafe-heavy internal paths are only exercised incidentally through integration-style decode tests rather than targeted unit tests, making it difficult to i..."
lexical-core,lexical-core,lexical_core,https://github.com/Alexhuszagh/rust-lexical,1.0.5,64906051,2024-12-08T21:01:01.113747Z,Parsing/Text,workspace,True,workspace/default,"lexical-core/lexical-core, lexical-core/lexical-core/tests",AN,FALSE,,27587,284,1.0295,394,6,6,100.0,63.24,6,100.0,63.29,False,0,0,"The 394 tests achieve full 100% API coverage across the crate's narrow 6-function public surface, but only 63.2% line coverage over a large 27.6K-line workspace, indicating that while every public entry point is exercised, substantial internal parsing logic—likely spanning float, integer, and format-specific conversion paths across workspace subcrates—remains untested. The low 1.03% unsafe ratio combined with the large codebase means the ~284 lines of unsafe code are spread thinly and may not be consistently reached by the existing tests, particularly in edge-case parsing branches and buffe..."
libsecp256k1,libsecp256k1,libsecp256k1,https://github.com/paritytech/libsecp256k1,0.7.2,16972960,2025-03-14T15:49:21.842379Z,Crypto/Security,workspace,True,workspace/default,libsecp256k1/tests,AN,TRUE,,4607,30,0.6512,20,44,34,77.27,82.87,44,100.0,90.32,True,4,2,"The 20 tests cover 64.2% of the 53 public API methods and achieve 82.9% line coverage across a 4.6K-line workspace with a low 0.65% unsafe ratio, indicating that core elliptic curve operations—key generation, signing, verification, and recovery—are well-exercised while roughly 19 methods, likely including less-common serialization formats, SharedSecret operations, and some PublicKey/SecretKey conversion accessors, remain untested. The ~30 lines of unsafe code are minimal and likely confined to FFI boundaries or raw byte-to-key conversions, and the 82.9% line coverage suggests these paths ar..."
log,log,log,https://github.com/rust-lang/log,0.4.27,441561306,2025-03-24T09:21:53.062280Z,Utilities,lib,False,default,,DO,TRUE,,3275,64,1.9542,17,42,36,85.71,74.39,36,85.71,74.39,False,0,0,"The test suite covers less than 36% of the public API surface with only 17 tests, which is thin for a crate with 123 public functions/methods, though the 74.4% line coverage suggests the tested paths exercise shared internal logic reasonably well. The small amount of unsafe code (roughly 64 lines) likely involves global logger registration and access via static mutability, and the low API coverage raises concern that edge cases around concurrent logger initialization and the unsafe set_logger/set_max_level paths may not be thoroughly stress-tested. For unsafe instrumentation benchmarking, t..."
loom,loom,loom,https://github.com/tokio-rs/loom,0.7.1,17126028,2024-04-23T09:24:01.042539Z,Concurrency,lib,False,default,,OF,TRUE,,5310,152,2.8625,156,115,73,63.48,79.04,102,88.7,89.04,True,42,2,"The 156 tests achieve 66.9% API coverage and 79% line coverage, which is reasonable for a concurrency permutation testing framework but leaves roughly a third of the public API unexercised—notable given that loom's own correctness is foundational to any downstream concurrency verification. The low unsafe percentage (2.86%) is well-contained, but the coverage gaps mean some code paths involving atomic operations, memory orderings, and internal synchronization primitives may not be fully stress-tested under instrumentation. For use as an unsafe instrumentation benchmark the suite would benefi..."
matrixmultiply,matrixmultiply,matrixmultiply,https://github.com/bluss/matrixmultiply/,0.3.9,41954340,2024-07-27T14:32:50.303402Z,Math/Computing,lib,False,all-features,,AN,TRUE,,3237,1804,55.7306,15,2,2,100.0,91.12,2,100.0,91.12,False,0,0,"The 15 tests achieve an impressive 91.1% line coverage across a 3.2K-line crate where 55.73% of the code is unsafe—meaning roughly 1,780 lines of unsafe pointer arithmetic, SIMD intrinsics, and manual loop tiling for matrix multiplication kernels are actively exercised—but only 63.4% of the 112 public API methods are covered, leaving ~41 functions untested. The extremely high unsafe ratio makes this crate one of the most critical candidates for instrumentation benchmarking, and while the high line coverage confirms the core gemm kernels and packing routines are reached, the uncovered API su..."
memchr,memchr,memchr,https://github.com/BurntSushi/memchr,2.7.4,461981111,2024-06-14T00:17:06.888625Z,Parsing/Text,lib,False,default,,DO,TRUE,,8547,1204,14.0868,141,149,136,91.28,91.31,136,91.28,91.41,False,0,0,"The 141 tests achieve strong 77.0% API coverage and 91.4% line coverage across an 8.5K-line crate with a high 14.09% unsafe ratio, indicating thorough exercise of the core memchr, memchr2, memchr3, and memmem search implementations including SIMD-accelerated paths for SSE2, AVX2, and NEON along with generic fallbacks. The ~1,197 lines of unsafe code spanning vectorized byte search kernels, unaligned loads, and pointer arithmetic are well-covered by the high line coverage, though the 124 untested public methods likely include finder struct configuration variants and less-common iterator adap..."
memmap2,memmap2,memmap2,https://github.com/RazrFalcon/memmap2-rs,0.9.5,110419385,2024-09-13T16:09:38.606497Z,System/OS,lib,False,all-features,,DO,TRUE,,1922,256,13.3195,27,57,52,91.23,84.34,52,91.23,84.34,False,0,0,"The 27 tests cover 81.4% of the public API and 84.3% of lines across a 1.9K-line crate with a substantial 13.32% unsafe ratio, indicating solid exercise of core memory-mapping operations including Mmap, MmapMut, MmapOptions, and advise/flush paths while leaving roughly 16 methods—likely including less-common remapping, locked pages, or platform-specific configuration accessors—untested. The ~253 lines of unsafe code involve direct mmap/munmap syscalls, raw pointer dereferencing for slice construction, and file descriptor handling, and the 84.3% line coverage suggests most of these critical ..."
metrics,metrics,metrics,https://github.com/metrics-rs/metrics,0.24.2,31622416,2025-04-20T17:24:21.832281Z,Utilities,workspace,True,workspace/default,"metrics/metrics, metrics/metrics/tests",DO,,,10905,92,0.8436,17,46,32,69.57,67.38,38,82.61,67.73,True,4,2,"The test suite provides moderate coverage with 17 tests exercising roughly 65% of the 105 public API items and 67% line coverage, leaving a meaningful portion of the crate's surface untested. While the unsafe footprint is small at 0.84%, the gaps in API and line coverage mean that code paths surrounding or depending on unsafe operations may not be adequately validated. For unsafe instrumentation benchmarking, the suite would benefit from augmentation to close the ~35% API coverage gap and ensure all unsafe blocks and their callers are exercised under diverse inputs."
miette,miette,miette,https://github.com/zkat/miette,7.1.0,22025251,2025-04-27T04:53:40.567063Z,Utilities,workspace,True,workspace/all-features,miette/tests,DO,TRUE,,7188,242,3.3667,172,47,36,76.6,79.12,46,97.87,80.79,True,3,2,"The test suite provides reasonable breadth with 172 tests achieving 69.3% API coverage and 79.1% line coverage, exercising the core diagnostic reporting and error handling functionality well. However, roughly 30% of the public API remains untested, and with 3.37% unsafe code (~243 lines), the line coverage gap of ~21% raises concern about whether unsafe regions—likely involved in type erasure or trait object handling—are adequately exercised under diverse inputs. For unsafe instrumentation benchmarking, the suite would benefit from targeted tests that stress unsafe boundaries and edge cases..."
rmp-serde,msgpack-rust,rmp,https://github.com/3Hren/msgpack-rust,0.14.4,41680254,2024-04-30T13:47:27.647844Z,Serialization,workspace,True,ws+extras/default,"msgpack-rust/rmp, msgpack-rust/rmp/tests, msgpack-rust/rmpv-tests",AN,,,6154,2,0.0325,575,55,16,28.33,65.02,55,100.0,65.32,True,2,0,"The 575 tests achieve only 28.3% API coverage and 65.0% line coverage across a 6.2K-line workspace, suggesting the tests heavily exercise core msgpack encode/decode paths through repetitive value-type permutations while leaving the vast majority of the 293 public methods—likely including many typed read/write helpers, ext format handlers, and serde integration entry points across workspace subcrates—without direct coverage. The 0.03% unsafe ratio is essentially zero, meaning unsafe instrumentation concerns are irrelevant for this crate regardless of coverage quality. The suite is adequate f..."
native-tls,native-tls,native_tls,https://github.com/sfackler/rust-native-tls,0.2.14,139109475,2025-02-19T19:24:27.427135Z,Crypto/Security,lib,False,all-features,,AN,TRUE,,2296,28,1.2195,17,32,24,75.0,80.55,30,93.75,85.13,True,2,2,"The 17 tests achieve 80.5% line coverage but only exercise 53.5% of the public API surface, leaving nearly half of the 157 public functions/methods without direct test coverage — a notable gap for a security-critical crate. The low unsafe percentage (1.22%) means the small amount of unsafe code is likely concentrated in platform-specific FFI bindings, which the existing tests appear to cover indirectly through integration-style TLS connection tests rather than targeted unit tests. For unsafe instrumentation benchmarking, the suite would benefit from augmentation with targeted tests for unco..."
ndarray,ndarray,ndarray,https://github.com/rust-ndarray/ndarray,0.16.1,27689103,2024-08-14T17:38:28.979522Z,Math/Computing,workspace,True,primary-only/default,ndarray/tests,AN,TRUE,,16912,952,5.6291,68,61,51,83.61,85.02,51,83.61,85.02,False,0,0,"The test suite achieves solid 85% line coverage and 75.2% API coverage, but with only 68 tests spanning 644 public API items, individual tests are likely broad integration-style exercises that touch multiple methods per test rather than isolating specific behaviors. The roughly 160 uncovered API surface items and 15% uncovered lines are a concern given the 5.63% unsafe code ratio, as ndarray's unsafe usage typically involves raw pointer arithmetic, unchecked indexing, and memory layout manipulation that benefit from targeted edge-case testing. For unsafe instrumentation benchmarking, the su..."
nom,nom,nom,https://github.com/rust-bakery/nom,8.0.0,257298806,2025-01-26T16:03:28.068915Z,Parsing/Text,workspace,True,workspace/default,nom/tests,AN,FALSE,,13682,26,0.19,208,317,245,77.29,80.14,272,85.8,83.22,True,4,2,"The 208 tests cover 67.4% of the large 559-method public API and achieve 80.1% line coverage across 13.7K lines, indicating thorough exercise of core parser combinators, byte-level matchers, and character parsers while leaving roughly 182 public functions—likely including many streaming-mode variants, lesser-used combinators like permutation and fold_many, and input-trait-specific implementations—without direct coverage. The 0.19% unsafe ratio is negligible, amounting to roughly 26 lines that are almost certainly within the well-covered parsing core, making unsafe instrumentation risk minim..."
nu-ansi-term,nu-ansi-term,nu_ansi_term,https://github.com/nushell/nu-ansi-term,0.50.1,138136058,2024-07-23T22:20:55.095113Z,Utilities,lib,False,default,,DO,,,1595,35,2.1944,69,51,36,70.59,68.9,46,90.2,80.89,True,8,2,"The 69 tests cover 62.8% of the public API and 68.9% of lines across a 1.6K-line crate with a 2.19% unsafe ratio, indicating that core ANSI styling, color application, and string painting methods are exercised while roughly 32 methods—likely including individual color constructors, style modifier accessors, and platform-specific terminal handling—remain untested. The ~35 lines of unsafe code are likely related to Windows console API interactions or raw terminal escape sequence writing, and the 68.9% line coverage leaves meaningful uncertainty about whether these unsafe paths are fully reach..."
num-bigint,num-bigint,num_bigint,https://github.com/rust-num/num-bigint,0.4.6,205252282,2025-01-25T00:26:55.294210Z,Math/Computing,lib,False,default,,AN,TRUE,,7415,28,0.3776,15,70,61,87.14,86.42,61,87.14,86.42,False,0,0,"The test suite achieves strong line coverage at 86.4% and covers 163 of 197 public API endpoints, which is respectable for a big integer library with extensive arithmetic operations. With only 0.38% unsafe code and 15 tests, the suite likely relies on a small number of comprehensive, parameterized tests rather than many isolated unit tests, though the 34 uncovered API functions represent a notable gap that could include edge cases around memory-sensitive operations. The minimal unsafe footprint means the suite is largely adequate for instrumentation benchmarking, but augmenting coverage for..."
ordered-float,ordered-float,ordered_float,https://github.com/reem/rust-ordered-float,5.0.0,133189946,2025-02-17T23:54:22.687988Z,Math/Computing,lib,False,default,,AN,FALSE,,2354,5,0.2124,62,6,4,66.67,34.71,6,100.0,35.42,True,3,2,"The 62 tests cover less than 35% of lines and only 40% of the public API surface, indicating significant portions of the crate's functionality—likely trait implementations, edge cases, and conversion paths—go unexercised. While the unsafe footprint is minimal at 0.21%, the low overall coverage means the code paths surrounding or depending on unsafe operations may not be adequately stressed, making it difficult to confidently benchmark instrumentation overhead in realistic scenarios. The suite would benefit from substantial augmentation, particularly targeting untested API methods and achiev..."
ordered-multimap,ordered-multimap,ordered_multimap,https://github.com/sgodwincs/ordered-multimap-rs,0.7.3,33585837,2024-04-01T10:34:17.349186Z,Data Structures,lib,False,all-features,,AN,TRUE,,3371,6,0.178,113,76,64,84.21,93.98,64,84.21,93.98,False,0,0,"The test suite is solid with 113 tests achieving 94.0% line coverage and exercising roughly 69% of the public API, indicating thorough testing of core data structure operations with some peripheral methods left uncovered. The extremely low unsafe usage (0.18%) means the untested API surface is unlikely to involve unsafe code paths, reducing risk from the coverage gap. The suite is adequate for unsafe instrumentation benchmarking as-is, though closing the ~31% API coverage gap would strengthen confidence in edge-case behavior around iteration, entry APIs, or less common accessors."
os_info,os_info,os_info,https://github.com/stanislav-tkach/os_info,3.10.0,22384456,2025-02-09T07:56:22.094088Z,System/OS,workspace,True,workspace/default,"os_info/os_info, os_info/os_info/tests",DO,,,2833,37,1.306,93,10,10,100.0,98.27,10,100.0,98.27,False,0,0,"The 93 tests achieve an exceptional 98.3% line coverage across a 2.8K-line crate with a low 1.31% unsafe ratio, indicating near-complete exercise of OS detection logic, version parsing, and platform-specific identification paths despite only 67.7% of the public API being directly covered. The small amount of unsafe code—likely FFI calls to platform APIs for retrieving OS version information—is almost certainly reached within the 98.3% covered lines, making instrumentation risk minimal and well-validated. The suite is highly adequate for unsafe instrumentation benchmarking given the near-tot..."
ouroboros,ouroboros,ouroboros,https://github.com/someguynamedjosh/ouroboros,0.18.5,32633128,2025-01-11T04:16:42.134017Z,Utilities,workspace,True,workspace/default,"ouroboros/ouroboros, ouroboros/examples",DO,,,2674,23,0.8601,17,4,4,100.0,86.59,4,100.0,86.59,False,0,0,"The 17 tests cover 4 of 6 public API methods and achieve 86.6% line coverage across a 2.7K-line workspace with a low 0.86% unsafe ratio, indicating that the core self-referential struct macro—including construction, borrowing of dependent fields, and drop correctness—is well-exercised while 2 public methods, likely a builder variant or head mutation accessor, remain untested. The ~23 lines of unsafe code are central to ouroboros's purpose, involving raw pointer stabilization and self-referential field access where lifetime guarantees are manually enforced, and the 86.6% line coverage sugges..."
parity-scale-codec,parity-scale-codec,parity_scale_codec,https://github.com/paritytech/parity-scale-codec,3.7.4,25298949,2025-02-07T08:40:25.109361Z,Serialization,workspace,True,workspace/all-features,parity-scale-codec/tests,AN,FALSE,,5737,23,0.4009,81,7,7,100.0,89.35,7,100.0,89.35,False,0,0,"The 81 tests achieve a strong 89.4% line coverage despite only covering 60.7% of the public API, indicating the core encode/decode paths are thoroughly exercised while many trait-derived and auxiliary methods remain untested. The 0.4% unsafe ratio is minimal, meaning the small amount of unsafe code—likely in low-level byte slicing or compact encoding—is almost certainly reached by the high line coverage, reducing the risk of blind spots for instrumentation. The suite is largely adequate for unsafe instrumentation benchmarking given the high line coverage over a small unsafe surface, though ..."
parking_lot,parking_lot,parking_lot,https://github.com/Amanieu/parking_lot,0.12.3,351333004,2024-05-24T22:26:24.893817Z,Concurrency,workspace,False,default,"parking-lot/core,",OF,TRUE,TRUE,3563,164,4.6029,97,20,10,50.0,66.72,15,75.0,70.53,True,14,3,"The 97 tests cover core concurrency primitives (Mutex, RwLock, Condvar, Once, etc.) but only reach 53% API coverage and 67% line coverage, leaving significant portions of the public interface and internal logic unexercised. For a concurrency crate where unsafe code underpins lock acquisition, poisoning, and memory ordering, the gaps in coverage are concerning—edge cases around contention paths, timeout behaviors, and unsafe atomic operations likely lack thorough validation. The suite would need augmentation with targeted stress tests for uncovered APIs and adversarial concurrent scenarios t..."
petgraph,petgraph,petgraph,https://github.com/petgraph/petgraph,0.8.1,157653628,2025-04-07T09:58:12.070960Z,Data Structures,workspace,True,workspace/all-features,petgraph/tests,AN,TRUE,,16409,45,0.2742,78,339,278,82.01,83.33,278,82.01,83.33,False,0,0,"The 78 tests cover 65.2% of a very large 712-method API surface and achieve 83.3% line coverage across 16.4K lines, indicating the core graph algorithms—traversals, shortest paths, topological sort, and connected components—along with primary graph types are well-exercised, while many iterator, index, builder, and edge-case accessor methods across Graph, StableGraph, GraphMap, and matrix representations remain untested. The 0.27% unsafe ratio is minimal, likely confined to a few unchecked indexing or raw pointer operations in performance-critical graph internals, and the 83.3% line coverage..."
pin-project-lite,pin-project-lite,pin_project_lite,https://github.com/taiki-e/pin-project-lite,0.2.16,334736834,2025-01-06T12:20:51.767173Z,Utilities,workspace,True,workspace/default,"pin-project-lite/tests, pin-project-lite/tests/no-core, pin-project-lite/tests/no-std, pin-project-lite/tests/lint",DO,,,1239,6,0.4843,35,1,1,100.0,89.89,1,100.0,89.89,False,0,0,"The 35 tests fully cover the single public macro entry point and achieve 89.9% line coverage across a compact 1.2K-line crate, indicating thorough exercise of the macro-generated pin projection code including struct and enum variants, field visibility, and drop guarantees. The 0.48% unsafe ratio corresponds to a handful of lines in the generated unsafe pin projection accessors, which the high line coverage strongly suggests are well-exercised across the test suite's various expansion scenarios. The suite is adequate for unsafe instrumentation benchmarking given its high coverage of the narr..."
polling,polling,polling,https://github.com/smol-rs/polling,3.7.4,93458978,2024-11-07T15:28:40.971957Z,Async/Network,lib,False,default,,OF,TRUE,,3787,266,7.024,36,32,21,65.62,66.44,32,100.0,79.22,True,12,2,"The 36 tests achieve 66.4% line coverage and exercise only 39.3% of the public API surface, leaving significant portions of the polling interface untested, which is concerning for a crate that wraps platform-specific I/O primitives with unsafe FFI calls. The ~7% unsafe code likely resides in platform-specific backends (epoll, kqueue, IOCP) where the coverage gaps are most dangerous, as subtle misuse of raw file descriptors or system call wrappers would go undetected. The suite requires substantial augmentation—particularly targeted tests for unsafe boundaries, edge cases in poller lifecycle..."
portable-atomic,portable-atomic,portable_atomic,https://github.com/taiki-e/portable-atomic,1.11.0,84664201,2025-02-24T13:31:07.731833Z,Concurrency,workspace,True,workspace/default,portable-atomic/tests,OF,TRUE,,21913,6741,30.7626,1003,422,418,99.05,92.06,418,99.05,92.06,False,0,0,"The 1003 tests achieve an impressive 92.1% line coverage across a large 21.9K-line crate with a very high 30.76% unsafe ratio, demonstrating thorough exercise of atomic operation implementations despite only 51.4% of the public API being directly covered—a gap explained by the highly repetitive API surface where each atomic type exposes identical method sets and a subset of types likely serves as proxy coverage for the rest. The ~6,700 lines of unsafe code spanning inline assembly, platform-specific atomic intrinsics, and fallback lock-based implementations are well-exercised by line covera..."
postcard,postcard,postcard,,1.1.1,10443978,2024-11-29T20:05:07.001596Z,,,True,workspace/default,,,,,6252,33,0.5278,,21,19,90.48,72.24,19,90.48,72.24,False,0,0,
pulldown-cmark,pulldown-cmark,pulldown_cmark,https://github.com/pulldown-cmark/pulldown-cmark,0.13.0,39549688,2025-02-12T16:13:01.983822Z,Parsing/Text,workspace,True,workspace/all-features,"pulldown-cmark/pulldown-cmark, pulldown-cmark/pulldown-cmark/tests",AN,FALSE,,12788,246,1.9237,59,22,12,54.55,82.63,22,100.0,83.74,True,5,2,"The 59 tests cover 75.0% of the 268 public API methods and achieve 82.6% line coverage across a 12.8K-line workspace with a moderate 1.92% unsafe ratio, indicating thorough exercise of the core Markdown parsing pipeline—heading, list, code block, link, and emphasis handling—while roughly 67 methods, likely including less-common event accessors, HTML rendering options, and footnote/table extension configurations, remain untested. The ~246 lines of unsafe code likely involve performance-critical string slicing with unchecked offsets into the input document and possibly SIMD-assisted scanning ..."
rand,rand,rand,https://github.com/rust-random/rand,0.9.1,33936290,2025-04-17T14:36:20.415123Z,Crypto/Security,workspace,True,workspace/default,rand/tests,AN,TRUE,,8057,27,0.3351,148,31,24,77.42,87.84,30,96.77,88.79,True,13,2,"The test suite achieves strong line coverage at 87.8% but only exercises 62.4% of the public API surface, leaving roughly 53 public functions/methods untested, which could matter if any sit on paths touching the small amount of unsafe code. The 0.34% unsafe footprint is minimal, but given rand's role as a foundational crate in security-sensitive contexts, the gaps in API coverage warrant attention to ensure all unsafe blocks (likely in platform-specific RNG seeding or transmutation) are exercised under instrumentation. The suite is a reasonable baseline for unsafe instrumentation benchmarki..."
rayon-core,rayon-core,rayon_core,https://github.com/rayon-rs/rayon,1.12.1,193663701,2024-01-17T17:56:12.833437Z,Concurrency,lib,False,default,,OF,TRUE,,4129,349,8.4524,139,66,47,71.13,93.75,66,100.0,94.92,True,80,0,"The 139 tests achieve an excellent 93.8% line coverage across a 4.1K-line crate with a significant 8.45% unsafe ratio, and cover 71.1% of the large 381-method public API, indicating thorough exercise of the core thread pool, work-stealing deques, job scheduling, and join/scope primitives while roughly 110 public methods—likely including less-common ThreadPoolBuilder configurations, custom spawn handlers, and broadcast/yield_local variants—remain untested. The ~346 lines of unsafe code span lock-free deque operations, raw job pointer passing between threads, and stack-pinned scope lifetime e..."
rgb,rgb,rgb,https://github.com/kornelski/rust-rgb,0.8.90-alpha.2,30653549,2024-08-31T03:07:05.678857Z,Utilities,lib,False,all-features,,DO,TRUE,,2751,51,1.8539,27,3,1,33.33,67.25,3,100.0,69.4,True,20,2,"The test suite covers less than half the public API (43 of 100 functions) with 67.2% line coverage, leaving significant portions of the crate unexercised, which is notably thin for a utility crate of this size. With 1.85% unsafe code and only 27 tests, there is a meaningful risk that unsafe transmutations or pointer operations—common in RGB pixel type conversions—lack dedicated edge-case testing. The suite would need augmentation to adequately serve as a baseline for unsafe instrumentation benchmarking, particularly with targeted tests for memory layout assumptions, slice casting, and bound..."
ring,ring,ring,https://github.com/briansmith/ring,0.17.14,235558709,2025-03-11T19:42:03.889273Z,Crypto/Security,workspace,True,workspace/all-features,ring/tests,AN,TRUE,,16050,576,3.5888,94,91,84,92.31,87.9,84,92.31,87.9,False,0,0,"The 94 tests cover 68.6% of a very large 828-method public API and achieve 87.9% line coverage across a 16.1K-line workspace with a 3.59% unsafe ratio, indicating that core cryptographic operations—AEAD encryption/decryption, digest hashing, key agreement, and signature verification—are thoroughly exercised while roughly 260 public methods, likely including less-common key format accessors, algorithm-specific configuration variants, and PBKDF2/HKDF parameter combinations, lack direct coverage. The ~578 lines of unsafe code involve FFI calls into the BoringSSL/assembly backend, raw pointer h..."
rmp,rmp,rmp,https://crates.io/crates/rmp,0.8.9,45493477,2024-04-17T14:31:54.130496Z,Serialization,workspace,False,default,Run in Workspace,AN,,,6154,2,0.0325,575,55,51,92.73,81.79,51,92.73,81.79,False,0,0,"The test suite is robust with 575 tests covering 85.2% of the public API and achieving 81.8% line coverage, providing thorough exercise of MessagePack encoding and decoding paths across the 88 public functions. With only 0.03% unsafe code, the minimal unsafe surface is likely adequately covered by the existing tests, and the high test count relative to API size suggests good edge-case coverage for serialization boundary conditions. The suite is well-suited for unsafe instrumentation benchmarking without augmentation, as the near-negligible unsafe footprint and strong overall coverage mean o..."
ron,ron,ron,https://github.com/ron-rs/ron,0.10.1,33767632,2025-04-08T07:02:24.205823Z,Serialization,lib,False,all-features,,AN,TRUE,,7223,7,0.0969,109,90,83,92.22,91.69,83,92.22,91.69,False,0,0,"The test suite achieves strong line coverage at 91.7% with 109 tests exercising 79% of the public API, providing solid coverage of serialization and deserialization paths for the RON format. The 0.1% unsafe footprint is minimal, meaning unsafe instrumentation overhead measurement would have very limited scope, though the high baseline coverage ensures that any instrumented paths are well-exercised by existing tests. The suite is adequate for benchmarking purposes without augmentation, as the uncovered 21% of API surface likely represents convenience wrappers or edge-case utilities that woul..."
openssl,rust-openssl,openssl,https://github.com/sfackler/rust-openssl,openssl-v0.10.72,165025976,2025-04-30T23:08:39.759466Z,Crypto/Security,workspace,True,workspace/default,"rust-openssl/openssl, rust-openssl/openssl/tests",AN,TRUE,,34835,6333,18.18,466,1156,852,73.7,78.17,945,81.75,80.05,True,5,2,"The 466 tests achieve 78.2% line coverage and exercise roughly 70% of the public API, which is reasonable for an FFI-heavy crypto binding crate but leaves about 470 public functions untested, likely including less common cipher modes, X509 extension handling, and error-path logic. The 18.18% unsafe ratio is concentrated in FFI boundary code where memory ownership, pointer validity, and OpenSSL refcounting semantics are critical, and the ~22% of uncovered lines likely intersect with these unsafe regions, particularly around resource cleanup and error handling paths. For unsafe instrumentatio..."
rustc-demangle,rustc-demangle,rustc_demangle,https://github.com/rust-lang/rustc-demangle,0.1.24,211746300,2024-05-07T12:12:25.371782Z,System/OS,workspace,True,workspace/default,rustc-demangle/tests,DO,TRUE,FALSE,2145,109,5.0816,55,3,2,66.67,90.72,3,100.0,91.11,True,1,3,"The test suite achieves strong line coverage at 90.7% across 55 tests, effectively exercising the core demangling logic for both legacy and v0 Rust symbol mangling schemes, though 30% of the public API surface (18 functions/methods) remains untested. The relatively low unsafe percentage (5.08%) combined with high line coverage suggests the unsafe regions—likely raw string/byte manipulation in the parsing paths—are reasonably well-exercised, but the API coverage gap means some public entry points or formatting methods lack direct test validation. The suite is adequate as a baseline for unsaf..."
scroll,scroll,scroll,https://github.com/m4b/scroll,0.12.0,20841209,2024-01-01T00:36:31.272401Z,Serialization,lib,False,default,,AN,FALSE,,1475,9,0.6102,43,8,4,50.0,72.15,7,87.5,75.21,True,3,2,"The 43 tests achieve 72.1% line coverage but only 23.7% API coverage, meaning the tests exercise a small core of read/write operations while leaving 29 of 38 public methods—likely including various Pread, Pwrite, and Gread/Gwrite trait implementations for different endianness and container types—completely untested. The 0.61% unsafe ratio is low and the unsafe code likely resides in transmute-style byte-to-type conversions that the tested core paths probably reach, but the extremely low API coverage means most public entry points into those paths are unvalidated. The suite is insufficient f..."
semver,semver,semver,https://github.com/dtolnay/semver,1.0.26,368206296,2025-03-04T00:15:02.937867Z,Utilities,lib,False,default,,DO,TRUE,,1367,142,10.3877,38,13,12,92.31,91.74,12,92.31,91.74,False,0,0,"The test suite achieves strong line coverage at 91.7% and covers three-quarters of the public API, exercising the core version parsing, comparison, and requirement matching logic well. However, with 10.39% unsafe code and roughly 15 public functions/methods untested, there is a meaningful gap — the uncovered API surface may overlap with unsafe code paths (likely in parsing or internal representation optimizations) that would benefit from targeted tests. For unsafe instrumentation benchmarking, the suite provides a solid baseline but should be augmented with tests specifically targeting the ..."
serde_with,serde_with,serde_with,https://github.com/jonasbb/serde_with,3.12.0,108458644,2024-12-25T22:01:32.382863Z,Serialization,workspace,True,ws+extras/all-features,"serde_with/serde_with, serde_with/serde_with/tests, serde_with/serde_with_test",AN,FALSE,,13472,4,0.0297,214,3,2,66.67,57.03,3,100.0,57.12,True,1,2,"The 214 tests cover only 32.9% of the 216 public API methods and 57.0% of lines across a 13.5K-line workspace, indicating that while core serialization adapters like DisplayFromStr, hex, and timestamp formats are exercised, the majority of serde_with's extensive adapter and helper surface—likely including many As, FromInto, TryFromInto, and collection-specific transform variants—lack direct testing. The 0.03% unsafe ratio is essentially zero, meaning unsafe instrumentation concerns are negligible for this crate regardless of coverage quality. The suite is adequate for unsafe instrumentation..."
serde_yaml,serde_yaml,serde_yaml,https://github.com/dtolnay/serde-yaml,0.9.34,120029465,2024-03-25T00:50:19.759577Z,Serialization,lib,False,default,,AN,FALSE,,8724,255,2.923,174,90,34,37.78,49.83,78,86.67,54.26,True,5,2,"The 174 tests cover roughly 41% of the public API surface with only 49.8% line coverage, indicating that substantial portions of serialization and deserialization paths—including edge cases and error handling—remain unexercised. With 2.92% unsafe code (approximately 250 lines), the low overall coverage creates a meaningful risk that unsafe regions are insufficiently stressed, particularly under adversarial or malformed inputs. The suite would need significant augmentation—targeting untested API entry points and specifically the unsafe code paths—before it could serve as an adequate baseline..."
sharded-slab,sharded-slab,sharded_slab,https://github.com/hawkw/sharded-slab,0.1.7,167368835,2023-10-04T19:37:55.401239Z,Data Structures,lib,False,default,,AN,FALSE,,4317,180,4.1696,12,28,22,78.57,59.33,27,96.43,73.69,True,2,2,"The test suite is thin relative to the crate's API surface, with only 12 tests covering roughly half of the 232 public functions and achieving 59.3% line coverage, which is insufficient for a concurrent data structure containing unsafe code. Key gaps likely exist around edge cases in slab entry lifecycle management, concurrent access patterns, and the specific unsafe blocks that handle low-level shard indexing and memory operations. For unsafe instrumentation benchmarking, this suite would need significant augmentation—particularly stress tests exercising concurrent insert/remove/get paths ..."
signal-hook,signal-hook,signal_hook,https://github.com/vorner/signal-hook,0.3.17,28440249,2025-04-20T09:53:24.168017Z,System/OS,workspace,True,workspace/all-features,signal-hook/tests,DO,TRUE,,3269,314,9.6054,39,34,28,82.35,73.45,28,82.35,72.55,False,0,0,"The 39 tests cover 55.8% of the 77 public API methods and 72.6% of lines across a 3.3K-line workspace with a significant 9.61% unsafe ratio, indicating that core signal registration, handler installation, and basic signal delivery paths are exercised while roughly 34 methods—likely including iterator-based signal handling, low-level sigaction wrappers, and cleanup/unregister operations—remain untested. The ~317 lines of unsafe code involve direct signal handler registration via libc, global mutable state manipulation in async-signal-safe contexts, and raw atomic operations in signal-handler..."
simdutf8,simdutf8,simdutf8,https://github.com/rusticstuff/simdutf8,0.1.5,41062528,2024-09-22T09:18:22.610907Z,Parsing/Text,lib,False,default,,,FALSE,,1953,296,15.1562,13,6,6,100.0,73.26,6,100.0,73.26,False,0,0,"The 13 tests cover an impressive 85.1% of the public API and 73.3% of lines across a 2.0K-line crate with a high 15.16% unsafe ratio, indicating the core SIMD-accelerated UTF-8 validation paths—including SSE, AVX2, and fallback implementations—are exercised, though the 27% uncovered lines likely correspond to architecture-specific SIMD branches not reachable on the test platform. The ~303 lines of unsafe code span SIMD intrinsics, unaligned loads, and manual chunk processing where instrumentation overhead could directly affect alignment assumptions and vectorized control flow, making the co..."
siphasher,siphasher,siphasher,https://github.com/jedisct1/rust-siphash,1.0.1,158945883,2024-03-17T21:59:01.698376Z,Utilities,lib,False,all-features,,DO,TRUE,,1376,61,4.4331,13,39,25,64.1,73.65,39,100.0,90.35,True,12,2,"The 13 tests cover roughly two-thirds of the public API and achieve 73.7% line coverage, which is reasonable for a hashing utility but leaves notable gaps given the 87 public functions/methods. The 4.43% unsafe code (likely for unaligned reads or transmutes in the core hashing loop) is critical to correctness, and with over a quarter of lines uncovered, there is a meaningful risk that some unsafe paths lack direct test exercising. For unsafe instrumentation benchmarking, the suite should be augmented with tests targeting uncovered API entry points and edge cases around alignment and partial..."
slotmap,slotmap,slotmap,https://github.com/orlp/slotmap,1.0.7,25213011,2023-11-30T21:58:03.103403Z,Data Structures,lib,False,all-features,,AN,FALSE,,4388,202,4.6035,10,161,79,49.07,54.02,140,86.96,77.79,True,5,2,"The test suite covers roughly 40% of the 252 public API functions with only 10 tests, resulting in 54% line coverage, which is notably thin for a data structure crate of this size. Key gaps include the majority of public methods being unexercised, which is particularly concerning given the 4.6% unsafe code that likely underpins core slot allocation, indexing, and memory management operations. This suite is inadequate for unsafe instrumentation benchmarking and would need significant augmentation—especially targeting iterator implementations, removal paths, and secondary map operations—to pr..."
smallvec,smallvec,smallvec,https://github.com/servo/rust-smallvec,2.0.0-alpha.11,406125026,2025-04-05T00:46:59.289860Z,Data Structures,lib,False,default,,AN,TRUE,,2648,406,15.3323,62,50,40,80.0,91.88,40,80.0,91.88,False,0,0,"The test suite achieves strong line coverage at 91.9% with 62 tests exercising roughly three-quarters of the public API, which is solid for a compact data structure crate where many methods are thin wrappers over core allocation and inline-storage logic. The 25% uncovered API surface is a moderate concern given that 15.33% of the codebase is unsafe—any untested methods that touch inline-to-heap transitions, capacity changes, or raw pointer manipulation represent meaningful gaps for unsafe instrumentation benchmarking. The suite is a good foundation but should be augmented with targeted test..."
tokio,tokio,tokio,https://github.com/tokio-rs/tokio,1.44.2,8369813,2025-04-08T07:48:44.833815Z,Async/Network,workspace,True,workspace/all-features,"tokio/tokio, tokio/tokio/tests, tokio/tests-integration",OF,TRUE,TRUE,56739,1814,3.1971,2455,17,16,94.12,75.82,16,94.12,75.79,False,0,0,"The 2455-test suite achieves 75.8% line coverage and exercises roughly two-thirds of the public API, which is reasonable for a complex async runtime but leaves approximately 900 public functions/methods untested, likely in less common combinators, configuration builders, and platform-specific paths. The 3.2% unsafe footprint—concentrated in critical areas like the I/O driver, task harness, and synchronization primitives—demands higher-than-average coverage in those modules, and the current 75.8% line coverage suggests some unsafe paths (particularly edge cases in waker handling, memory recl..."
triomphe,triomphe,triomphe,https://github.com/Manishearth/triomphe,0.1.14,34717272,2024-10-07T04:02:22.368103Z,Concurrency,lib,False,default,,OF,TRUE,,1995,237,11.8797,39,75,53,70.67,77.14,68,90.67,85.77,True,3,4,"The test suite covers 68.1% of the API surface with 77.1% line coverage, which is reasonable but leaves roughly a third of public functions untested — a concern given that ~12% of the codebase is unsafe and the crate handles concurrent reference counting where subtle memory safety bugs are common. The 39 tests likely exercise core Arc-like operations but the coverage gaps suggest that edge cases around thin pointers, unique arc unwrapping, or less common conversion paths may lack validation, which are exactly the areas where unsafe instrumentation would need reliable baseline behavior. The ..."
unicode-normalization,unicode-normalization,unicode_normalization,https://github.com/unicode-rs/unicode-normalization,0.1.24,274412707,2024-09-17T15:27:12.950740Z,Parsing/Text,lib,False,default,,DO,TRUE,,23870,48,0.2011,13,25,21,84.0,89.26,21,84.0,89.26,False,0,0,"The test suite achieves strong line coverage at 89.3% and covers 80.5% of the public API with only 13 tests, indicating each test exercises substantial normalization logic across multiple code paths. The 0.2% unsafe footprint is minimal, and given the high line coverage, the unsafe code is almost certainly exercised by the existing tests, making the suite adequate for unsafe instrumentation benchmarking without augmentation. The 15 uncovered API entries and ~11% uncovered lines represent a minor gap, but for a deterministic text-processing crate with negligible unsafe usage, this suite prov..."
utf-8,utf8parse,utf8,https://github.com/alacritty/vte,0.7.6,162496449,2024-06-08T07:07:41.813419Z,Parsing/Text,workspace,False,default,Run in Workspace,DO,TRUE,,353,5,1.4164,26,12,11,91.67,87.2,11,91.67,87.2,False,0,0,"The 26 tests cover 68.4% of the 19 public API methods and achieve a strong 87.2% line coverage across a 3.0K-line crate with a low 0.5% unsafe ratio, indicating thorough exercise of the core UTF-8 state machine parser including valid multi-byte sequences, continuation byte handling, and invalid byte rejection while roughly 6 methods—likely including some parser state accessors, reset functions, or less-common receiver trait implementations—remain untested. The ~15 lines of unsafe code are minimal and likely involve unchecked table lookups or byte-to-char conversions within the state machine..."
uuid,uuid,uuid,https://github.com/uuid-rs/uuid,1.16.0,268472098,2025-03-14T04:14:24.373430Z,Utilities,workspace,True,workspace/all-features,uuid/tests,DO,TRUE,,5055,31,0.6133,68,67,54,80.6,83.63,54,80.6,83.63,False,0,0,"The 68 tests cover 77.6% of the 152 public API methods and 83.6% of lines across a 5.1K-line workspace with a low 0.61% unsafe ratio, indicating solid exercise of core UUID generation (v1, v4, v5, v7), parsing, formatting, and comparison operations while roughly 34 methods—likely including less-common builder configurations, non-standard encoding variants, and some version-specific accessors—remain untested. The ~31 lines of unsafe code are likely confined to byte-array-to-UUID transmutations or SIMD-assisted formatting and are almost certainly reached within the 83.6% covered lines, posing..."
value-bag,value-bag,value_bag,https://github.com/sval-rs/value-bag,1.11.1,49370447,2025-03-26T05:08:41.098428Z,Utilities,workspace,True,workspace/all-features,Run in Workspace,DO,TRUE,,5814,9,0.1548,20,22,19,86.36,69.46,19,86.36,69.46,False,0,0,"The test suite provides moderate coverage with only 20 tests spanning 202 public API items, achieving 72.8% API coverage and 69.5% line coverage, leaving roughly a third of the codebase unexercised. The low test count relative to the API surface suggests tests are likely integration-style rather than fine-grained unit tests, which means edge cases around the small amount of unsafe code (0.15%) may not be thoroughly stressed. For unsafe instrumentation benchmarking, the suite would benefit from augmentation to close the ~30% coverage gap and add targeted tests around any unsafe blocks to ens..."
winnow,winnow,winnow,https://github.com/winnow-rs/winnow,0.7.9,199942476,2025-05-02T15:04:13.747594Z,Parsing/Text,workspace,True,workspace/all-features,winnow/tests,AN,FALSE,,26192,26,0.0993,230,154,112,72.73,74.64,126,81.82,76.93,True,6,5,"The 230 tests cover 68.9% of a large 501-method public API and 74.6% of lines across a 26.2K-line workspace, indicating that core combinator parsers, streaming/complete mode variants, and primary input types are well-exercised while roughly 156 public methods—likely including many specialized combinators, error recovery helpers, and less-common stream trait implementations—remain untested. The 0.1% unsafe ratio is negligible, amounting to roughly 26 lines that are almost certainly within the well-covered parsing core, making unsafe instrumentation risk effectively nonexistent. The suite is ..."
zopfli,zopfli,zopfli,https://github.com/zopfli-rs/zopfli,0.8.2,15606245,2025-04-18T13:36:47.361779Z,Serialization,lib,False,default,,DO,TRUE,,3358,6,0.1787,10,11,6,54.55,80.52,10,90.91,94.66,True,3,2,"The 10 tests cover 72.5% of the public API and 80.2% of lines across a 3.4K-line crate with a negligible 0.18% unsafe ratio, indicating that the core Zopfli compression paths—deflate, gzip, and zlib output formats—are exercised through a small number of integration-style tests while roughly 42 public methods, likely including block splitting, LZ77 parameter accessors, and iteration-control configuration, lack direct coverage. The minimal unsafe code amounts to roughly 6 lines and is almost certainly within the 80.2% covered lines, posing no meaningful instrumentation risk. The suite is adeq..."
bytes,bytes,bytes,https://github.com/tokio-rs/bytes,1.0.1,1500000000,2020-12-31T00:00:00.000000Z,Buffers/IO,lib,False,default,,AN,TRUE,,2956,563,19.0460,108,58,31,53.45,60.10,31,53.45,60.10,False,13,0,"bytes 1.0.1 vendored from crates.io. Two integration tests (test_bytes_odd_alloc, test_bytes_vec_alloc) were disabled because they install a custom #[global_allocator] that conflicts with the unsafe-perf heap_tracker hook; 13 hand-written substitute tests in recipes/bytes/tests/gen_bytes_alloc.rs exercise the same Vec->Bytes vtable paths (promotable even/odd, clone-promotion, advance/truncate/split, drop ordering) under the system allocator. unsafe_counter feature runs with --enable-stdlib-api-tracker disabled (stage1 1.80-dev rustc ICEs on shallow_clone_vec at src/bytes.rs:1053, MIR unwind invariants). Vendored as the bytes-utils replacement to enable a direct TRust comparison on bytes 1.0.1."
